INSERT IGNORE INTO `period` (`id`, `month`, `year`) VALUES
	('1', '1', '2023'),
	('2', '2', '2023'),
	('3', '3', '2023'),
	('4', '4', '2023'),
	('5', '5', '2023'),
	('6', '6', '2023'),
	('7', '7', '2023'),
	('8', '8', '2023'),
	('9', '9', '2023'),
	('10', '10', '2023'),
	('11', '11', '2023'),
	('12', '12', '2023');

INSERT IGNORE INTO `user` (`uuid`, `is_employee`, `nama`, `password`, `role`, `username`, `is_active`) VALUES
	('f614eab0-bcd0-11ed-afa1-0242ac120002', '1', 'si manajer', '$2a$10$xEUTSc4LQfBLPGbec1p.K.kSfBmGWKHAy1XKIruwrF3nuCMB12Mtu', '1', 'manajer', '1'),
	('f614eab0-bcd0-11ed-afa1-0242ac120003', '1', 'si admin', '$2a$10$xEUTSc4LQfBLPGbec1p.K.kSfBmGWKHAy1XKIruwrF3nuCMB12Mtu', '2', 'admin', '1'),
	('f614eab0-bcd0-11ed-afa1-0242ac120004', '1', 'si supervisor X', '$2a$10$xEUTSc4LQfBLPGbec1p.K.kSfBmGWKHAy1XKIruwrF3nuCMB12Mtu', '3', 'supervisor_x', '1'),
	('f614eab0-bcd0-11ed-afa1-0242ac120005', '1', 'si teknisi B', '$2a$10$xEUTSc4LQfBLPGbec1p.K.kSfBmGWKHAy1XKIruwrF3nuCMB12Mtu', '4', 'teknisi_a', '1'),
	('f614eab0-bcd0-11ed-afa1-0242ac120006', '1', 'si teknisi M', '$2a$10$xEUTSc4LQfBLPGbec1p.K.kSfBmGWKHAy1XKIruwrF3nuCMB12Mtu', '4', 'teknisi_b', '1'),
	('f614eab0-bcd0-11ed-afa1-0242ac120007', '1', 'si supervisor Y', '$2a$10$xEUTSc4LQfBLPGbec1p.K.kSfBmGWKHAy1XKIruwrF3nuCMB12Mtu', '3', 'supervisor_y', '1'),
	('f614eab0-bcd0-11ed-afa1-0242ac120008', '1', 'si teknisi S', '$2a$10$xEUTSc4LQfBLPGbec1p.K.kSfBmGWKHAy1XKIruwrF3nuCMB12Mtu', '4', 'teknisi_c', '1'),
	('f614eab0-bcd0-11ed-afa1-0242ac120009', '0', 'Burger King', '$2a$10$xEUTSc4LQfBLPGbec1p.K.kSfBmGWKHAy1XKIruwrF3nuCMB12Mtu', '0', 'brk', '1'),
	('f614eab0-bcd0-11ed-afa1-0242ac120010', '0', 'Bakmi GM', '$2a$10$xEUTSc4LQfBLPGbec1p.K.kSfBmGWKHAy1XKIruwrF3nuCMB12Mtu', '0', 'bgm', '1'),
	('f614eab0-bcd0-11ed-afa1-0242ac120011', '0', 'BreadTalk', '$2a$10$xEUTSc4LQfBLPGbec1p.K.kSfBmGWKHAy1XKIruwrF3nuCMB12Mtu', '0', 'btk', '1'),
	('f614eab0-bcd0-11ed-afa1-0242ac120012', '0', 'Marugame Udon', '$2a$10$xEUTSc4LQfBLPGbec1p.K.kSfBmGWKHAy1XKIruwrF3nuCMB12Mtu', '0', 'mud', '1'),
	('f614eab0-bcd0-11ed-afa1-0242ac120013', '0', 'McDonald', '$2a$10$xEUTSc4LQfBLPGbec1p.K.kSfBmGWKHAy1XKIruwrF3nuCMB12Mtu', '0', 'mcd', '1'),
	('f614eab0-bcd0-11ed-afa1-0242ac120014', '0', 'Mie Gacoan', '$2a$10$xEUTSc4LQfBLPGbec1p.K.kSfBmGWKHAy1XKIruwrF3nuCMB12Mtu', '0', 'mgc', '1'),
	('f614eab0-bcd0-11ed-afa1-0242ac120015', '0', 'Solaria', '$2a$10$xEUTSc4LQfBLPGbec1p.K.kSfBmGWKHAy1XKIruwrF3nuCMB12Mtu', '0', 'sol', '1'),
	('f614eab0-bcd0-11ed-afa1-0242ac120016', '0', 'Starbucks', '$2a$10$xEUTSc4LQfBLPGbec1p.K.kSfBmGWKHAy1XKIruwrF3nuCMB12Mtu', '0', 'star', '1'),
	('f614eab0-bcd0-11ed-afa1-0242ac120017', '0', 'Subway', '$2a$10$xEUTSc4LQfBLPGbec1p.K.kSfBmGWKHAy1XKIruwrF3nuCMB12Mtu', '0', 'sub', '1');

INSERT IGNORE INTO `manager` (`id`, `address`, `birth_date`, `birth_location`, `contact`, `gender`, `last_login`, `user_id`) VALUES
	('1', 'Jln Manajer', '2000-12-1', 'Jakarta', '628567681249', '1', '2023-03-20 0:00:01', 'f614eab0-bcd0-11ed-afa1-0242ac120002');

INSERT IGNORE INTO `administrator` (`id`, `address`, `birth_date`, `birth_location`, `contact`, `gender`, `last_login`, `user_id`) VALUES
	('1', 'Jln Admin', '2000-12-2', 'Jakarta', '628567681249', '1', '2023-03-20 0:00:01', 'f614eab0-bcd0-11ed-afa1-0242ac120003');

INSERT IGNORE INTO `supervisor` (`id`, `address`, `birth_date`, `birth_location`, `contact`, `region`, `gender`, `last_login`, `user_id`) VALUES
	('1', 'Jln Supervisor', '2000-12-1', 'Jakarta', '628567681249', 'Jakarta', '1', '2023-03-20 0:00:01', 'f614eab0-bcd0-11ed-afa1-0242ac120004'),
	('2', 'Jln Supervisor', '2000-12-1', 'Jakarta', '628567681249', 'Depok & Bogor', '1', '2023-03-20 0:00:01', 'f614eab0-bcd0-11ed-afa1-0242ac120007');

INSERT IGNORE INTO `technician` (`id`, `address`, `birth_date`, `birth_location`, `contact`, `region`, `gender`, `last_login`, `supervisor_id`, `user_id`) VALUES
	('1', 'Jln Teknisi', '2000-12-1', 'Jakarta', '628567681249', 'Jakarta Pusat', '1', '2023-03-20 0:00:01', '1', 'f614eab0-bcd0-11ed-afa1-0242ac120005'),
	('2', 'Jln Teknisi', '2000-12-1', 'Jakarta', '628567681249', 'Jakarta Barat', '1', '2023-03-20 0:00:01', '1', 'f614eab0-bcd0-11ed-afa1-0242ac120006'),
	('3', 'Jln Teknisi', '2000-12-1', 'Jakarta', '628567681249', 'Depok', '1', '2023-03-20 0:00:01', '2', 'f614eab0-bcd0-11ed-afa1-0242ac120008');


INSERT IGNORE INTO `customer` (`id`, `user_id`) VALUES
	('1', 'f614eab0-bcd0-11ed-afa1-0242ac120009'),
	('2', 'f614eab0-bcd0-11ed-afa1-0242ac120010'),
	('3', 'f614eab0-bcd0-11ed-afa1-0242ac120011'),
	('4', 'f614eab0-bcd0-11ed-afa1-0242ac120012'),
	('5', 'f614eab0-bcd0-11ed-afa1-0242ac120013'),
	('6', 'f614eab0-bcd0-11ed-afa1-0242ac120014'),
	('7', 'f614eab0-bcd0-11ed-afa1-0242ac120015'),
	('8', 'f614eab0-bcd0-11ed-afa1-0242ac120016'),
	('9', 'f614eab0-bcd0-11ed-afa1-0242ac120017');

INSERT IGNORE INTO `outlet` (`id`, `name`, `address`, `region`, `customer_id`, `supervisor_id`, `technician_id`, `is_active`) VALUES
	('1', 'Burger King 1', 'Jln Kucing 1', 'Jakarta Pusat', '1', '1', '1', '1'),
	('2', 'Burger King 2', 'Jln Kucing 2', 'Jakarta Pusat', '1', '1', '1', '1'),
	('3', 'Burger King 3', 'Jln Kucing 3', 'Jakarta Pusat', '1', '1', '1', '1'),
	('4', 'Bakmi GM 1', 'Jln Kucing 4', 'Jakarta Pusat', '2', '1', '1', '1'),
	('5', 'Bakmi GM 2', 'Jln Kucing 5', 'Jakarta Pusat', '2', '1', '1', '1'),
	('6', 'Bakmi GM 3', 'Jln Kucing 6', 'Jakarta Pusat', '2', '1', '1', '1'),
	('7', 'Breadtalk 1', 'Jln Kucing 7', 'Jakarta Pusat', '3', '1', '1', '1'),
	('8', 'Breadtalk 2', 'Jln Kucing 8', 'Jakarta Pusat', '3', '1', '1', '1'),
	('9', 'Breadtalk 3', 'Jln Kucing 9', 'Jakarta Pusat', '3', '1', '1', '1'),
	('10', 'Marugame Udon 1', 'Jln Kucing 10', 'Jakarta Barat', '4', '1', '2', '1'),
	('11', 'Marugame Udon 2', 'Jln Kucing 11', 'Jakarta Barat', '4', '1', '2', '1'),
	('12', 'Marugame Udon 3', 'Jln Kucing 12', 'Jakarta Barat', '4', '1', '2', '1'),
	('13', 'Mc Donald 1', 'Jln Kucing 13', 'Jakarta Barat', '5', '1', '2', '1'),
	('14', 'Mc Donald 2', 'Jln Kucing 14', 'Jakarta Barat', '5', '1', '2', '1'),
	('15', 'Mc Donald 3', 'Jln Kucing 15', 'Jakarta Barat', '5', '1', '2', '1'),
	('16', 'Mi Gacoan 1', 'Jln Kucing 16', 'Jakarta Barat', '6', '1', '2', '1'),
	('17', 'Mi Gacoan 2', 'Jln Kucing 17', 'Jakarta Barat', '6', '1', '2', '1'),
	('18', 'Mi Gacoan 3', 'Jln Kucing 18', 'Jakarta Barat', '6', '1', '2', '1'),
	('19', 'Solaria 1', 'Jln Kucing 19', 'Depok', '7', '2', '3', '1'),
	('20', 'Solaria 2', 'Jln Kucing 20', 'Depok', '7', '2', '3', '1'),
	('21', 'Solaria 3', 'Jln Kucing 21', 'Depok', '7', '2', '3', '1'),
	('22', 'Starbucks 1', 'Jln Kucing 22', 'Depok', '8', '2', '3', '1'),
	('23', 'Starbucks 2', 'Jln Kucing 23', 'Depok', '8', '2', '3', '1'),
	('24', 'Starbucks 3', 'Jln Kucing 24', 'Depok', '8', '2', '3', '1'),
	('25', 'Subway 1', 'Jln Kucing 25', 'Depok', '9', '2', '3', '1'),
	('26', 'Subway 2', 'Jln Kucing 26', 'Depok', '9', '2', '3', '1'),
	('27', 'Subway 3', 'Jln Kucing 27', 'Depok', '9', '2', '3', '1');

INSERT IGNORE INTO `pest` (`id`, `name`) VALUES
	('1', 'Larva Nyamuk'),
	('2', 'Lalat'),
	('3', 'Tikus Rumah'),
	('4', 'Lalat (Musca)'),
	('5', 'Nyamuk (Anopheles)'),
	('6', 'Kecoa German'),
	('7', 'Tikus Atap'),
	('8', 'Tikus Mencit'),
	('9', 'Kecoa Amerika'),
	('10', 'Semut (Monomorium)'),
	('11', 'Semut'),
	('12', 'Nyamuk (Aedes & Culex)'),
	('13', 'Semut (Anoplolepis)'),
	('14', 'Tikus Rumah'),
	('15', 'Kecoa'),
	('16', 'Nyamuk');

INSERT IGNORE INTO `pesticide` (`id`, `name`, `active_ingredient`, `targets`, `unit`, `stock`) VALUES
	('1', 'Abate 1 G', 'Temephos', 'Larva Nyamuk (Penaburan 10 gram/m3)', 'gram', '20'),
	('2', 'Agita 10 WG', 'Tiametoksam', 'Lalat (Residual spraying 200 gr/1300 ml/40 - 120 m2)', 'gram', '20'),
	('3', 'Contrac 0,005 BB', 'Bromadiolone', 'Tikus Rumah (Pengumpanan 3 - 16 butir / station)', 'butir', '20'),
	('4', 'Flygard 1 GR', 'Azametiphos', 'Lalat (Pengumpanan 1-2gr/m2 atau 100gr/50m2)', 'butir', '20'),
	('5', 'Icon 100 CS', 'Lamda Cyhalothrin', 'Lalat Musca (Residual Spraying 0.5 ml/10m2 ( 1.0ml/ltr)), Nyamuk Anopheles (Residual Spraying 2.5 ml/10m2 (5.0ml/ltr)), Kecoa German  (Residual Spraying 0,375 ml/10m2 (0.75ml/ltr))', 'ml', '20'),
	('6', 'Lem Tikus Cap Gajah', 'Isobutylene & Resin sintetis', 'Tikus Atap (Glue Trap secukupnya), Tikus Mencit (Glue Trap secukupnya)', 'trap', '20'),
	('7', 'Maxforce 0,005 Gel Forte', 'Fipronil', 'Kecoa German (Pengumpanan 1 - 2 tetes / m2), Kecoa Amerika (Pengumpanan 2 - 3 tetes / m2)', 'titik', '20'),
	('8', 'Maxforce 0,003 RB Quantum', 'Imidachloprid', 'Semut Monomorium (Pengumpanan 0.1 - 0.4g/m2)', 'titik', '20'),
	('9', 'Optigard 0,01 RB', 'Tiametoksam', 'Semut (Pengumpanan beberapa spot gel secukupnya)', 'titik', '20'),
	('10', 'Quickbayt Spray 10 WG', 'Imidachloprid', 'Lalat Musca (Pengumpanan 5.25 gr/m2 atau 250gr/250ml)', 'gram', '20'),
	('11', 'Smash 100 EC', 'Cypermethrin', 'Nyamuk Aedes & Culex (Pengasapan 10 - 20 ml / liter), Nyamuk Aedes & Culex (Pengkabutan 15 - 30 ml / liter), Nyamuk Aedes & Culex (Residual Spraying 10 - 20 ml / liter), Lalat Musca (Residual Spraying 20 - 50 ml / liter), Semut Anoplolepis (Residual Spraying 20 - 50 ml / liter), Kecoa German & Amerika (Residual Spraying 20 - 50 ml / liter)', 'ml', '20'),
	('12', 'Talon 0.005 BB', 'Brodifacoum', 'Tikus Rumah (Pengumpanan 3 - 16 butir / station)', 'butir', '20'),
	('13', 'Tenopa 60 SC', 'Flufenoksuron + Alfametrin', 'Kecoa (Residual Spraying 1 - 10 ml/ liter), Lalat (Residual Spraying  1 - 5 ml / liter), Nyamuk (Residual Spraying 10 - 20 ml / liter)', 'ml', '20'),
	('14', 'Jolt 25 EC', 'Deltametrin', 'Nyamuk (Residual Spraying 2,5 - 10 ml /  liter), Lalat (Residual Spraying 2,5 - 10 ml /  liter), Semut (Residual Spraying 2,5 - 10 ml /  liter), Kecoa German & Amerika (Residual Spraying 2,5 - 10 ml /  liter)', 'ml', '20'),
	('15', 'Seclira 40 SG', 'Dinotefuron', 'Lalat (Residual Spraying  6 gr / liter), Kecoa German (Residual Spraying 4 gr / liter), Kecoa Amerika (Residual Spraying  8 gr / liter), Semut (Residual Spraying  4 gr / liter), Kutu Busuk (Residual Spraying  8 gr / liter)', 'gram', '20'),
	('16', 'Mortan 300 SC', 'Imidachloprid + Bifentrin', 'Kecoa German & Amerika (Residual Spraying 4 - 8 ml /  liter)', 'ml', '20');

INSERT IGNORE INTO `pesticide_target_pests` (`pest_id`, `pesticide_id`) VALUES
	('1', '1'),
	('2', '2'),
	('2', '4'),
	('2', '13'),
	('2', '14'),
	('2', '15'),
	('3', '3'),
	('3', '12'),
	('4', '5'),
	('4', '10'),
	('4', '11'),
	('5', '5'),
	('6', '5'),
	('6', '7'),
	('6', '11'),
	('6', '14'),
	('6', '15'),
	('6', '16'),
	('7', '6'),
	('8', '6'),
	('9', '7'),
	('9', '11'),
	('9', '14'),
	('9', '16'),
	('10', '8'),
	('11', '9'),
	('11', '14'),
	('11', '15'),
	('12', '11'),
	('13', '11'),
	('14', '3'),
	('14', '12'),
	('15', '13'),
	('16', '13'),
	('16', '14');

INSERT IGNORE INTO `schedule` (`id`, `supervisor_approval`, `supervisor_comment`, `period_id`, `technician_id`, `supervisor_id`) VALUES
	('1', '1', 'good', '2', '1', '1'),
	('2', '1', 'good', '2', '2', '1'),
	('3', '1', 'good', '2', '3', '2');


INSERT IGNORE INTO csr_report (id, start_time, end_time, report_type, visitation_type, visitation_photo, pic_signature, technician_signature, outlet_id, technician_id, period_id) VALUES
	('1', '2023-02-01 12:00:00', '2023-02-01 13:00:00', '1', '1', '-', '-', '-', '1', '1', '2'),
	('2', '2023-02-02 12:00:00', '2023-02-02 13:00:00', '1', '1', '-', '-', '-', '2', '1', '2'),
	('3', '2023-02-03 12:00:00', '2023-02-03 13:00:00', '1', '1', '-', '-', '-', '3', '1', '2'),
	('4', '2023-02-04 12:00:00', '2023-02-04 13:00:00', '1', '1', '-', '-', '-', '4', '1', '2'),
	('5', '2023-02-05 12:00:00', '2023-02-05 13:00:00', '1', '1', '-', '-', '-', '5', '1', '2'),
	('6', '2023-02-06 12:00:00', '2023-02-06 13:00:00', '1', '1', '-', '-', '-', '6', '1', '2'),
	('7', '2023-02-07 12:00:00', '2023-02-07 13:00:00', '1', '1', '-', '-', '-', '7', '1', '2'),
	('8', '2023-02-08 12:00:00', '2023-02-08 13:00:00', '1', '1', '-', '-', '-', '8', '1', '2'),
	('9', '2023-02-09 12:00:00', '2023-02-09 13:00:00', '1', '1', '-', '-', '-', '9', '1', '2'),
	('10', '2023-02-10 12:00:00', '2023-02-10 13:00:00', '1', '1', '-', '-', '-', '1', '1', '2'),
	('11', '2023-02-11 12:00:00', '2023-02-11 13:00:00', '1', '1', '-', '-', '-', '2', '1', '2'),
	('12', '2023-02-12 12:00:00', '2023-02-12 13:00:00', '1', '1', '-', '-', '-', '3', '1', '2'),
	('13', '2023-02-13 12:00:00', '2023-02-13 13:00:00', '1', '1', '-', '-', '-', '4', '1', '2'),
	('14', '2023-02-14 12:00:00', '2023-02-14 13:00:00', '1', '1', '-', '-', '-', '5', '1', '2'),
	('15', '2023-02-15 12:00:00', '2023-02-15 13:00:00', '1', '1', '-', '-', '-', '6', '1', '2'),
	('16', '2023-02-16 12:00:00', '2023-02-16 13:00:00', '1', '1', '-', '-', '-', '7', '1', '2'),
	('17', '2023-02-17 12:00:00', '2023-02-17 13:00:00', '1', '1', '-', '-', '-', '8', '1', '2'),
	('18', '2023-02-18 12:00:00', '2023-02-18 13:00:00', '1', '1', '-', '-', '-', '9', '1', '2'),
	('19', '2023-02-01 12:00:00', '2023-02-01 13:00:00', '1', '1', '-', '-', '-', '10', '2', '2'),
	('20', '2023-02-02 12:00:00', '2023-02-02 13:00:00', '1', '1', '-', '-', '-', '11', '2', '2'),
	('21', '2023-02-03 12:00:00', '2023-02-03 13:00:00', '1', '1', '-', '-', '-', '12', '2', '2'),
	('22', '2023-02-04 12:00:00', '2023-02-04 13:00:00', '1', '1', '-', '-', '-', '13', '2', '2'),
	('23', '2023-02-05 12:00:00', '2023-02-05 13:00:00', '1', '1', '-', '-', '-', '14', '2', '2'),
	('24', '2023-02-06 12:00:00', '2023-02-06 13:00:00', '1', '1', '-', '-', '-', '15', '2', '2'),
	('25', '2023-02-07 12:00:00', '2023-02-07 13:00:00', '1', '1', '-', '-', '-', '16', '2', '2'),
	('26', '2023-02-08 12:00:00', '2023-02-08 13:00:00', '1', '1', '-', '-', '-', '17', '2', '2'),
	('27', '2023-02-09 12:00:00', '2023-02-09 13:00:00', '1', '1', '-', '-', '-', '18', '2', '2'),
	('28', '2023-02-10 12:00:00', '2023-02-10 13:00:00', '1', '1', '-', '-', '-', '10', '2', '2'),
	('29', '2023-02-11 12:00:00', '2023-02-11 13:00:00', '1', '1', '-', '-', '-', '11', '2', '2'),
	('30', '2023-02-12 12:00:00', '2023-02-12 13:00:00', '1', '1', '-', '-', '-', '12', '2', '2'),
	('31', '2023-02-13 12:00:00', '2023-02-13 13:00:00', '1', '1', '-', '-', '-', '13', '2', '2'),
	('32', '2023-02-14 12:00:00', '2023-02-14 13:00:00', '1', '1', '-', '-', '-', '14', '2', '2'),
	('33', '2023-02-15 12:00:00', '2023-02-15 13:00:00', '1', '1', '-', '-', '-', '15', '2', '2'),
	('34', '2023-02-16 12:00:00', '2023-02-16 13:00:00', '1', '1', '-', '-', '-', '16', '2', '2'),
	('35', '2023-02-17 12:00:00', '2023-02-17 13:00:00', '1', '1', '-', '-', '-', '17', '2', '2'),
	('36', '2023-02-18 12:00:00', '2023-02-18 13:00:00', '1', '1', '-', '-', '-', '18', '2', '2'),
	('37', '2023-02-01 12:00:00', '2023-02-01 13:00:00', '1', '1', '-', '-', '-', '19', '3', '2'),
	('38', '2023-02-02 12:00:00', '2023-02-02 13:00:00', '1', '1', '-', '-', '-', '20', '3', '2'),
	('39', '2023-02-03 12:00:00', '2023-02-03 13:00:00', '1', '1', '-', '-', '-', '21', '3', '2'),
	('40', '2023-02-04 12:00:00', '2023-02-04 13:00:00', '1', '1', '-', '-', '-', '22', '3', '2'),
	('41', '2023-02-05 12:00:00', '2023-02-05 13:00:00', '1', '1', '-', '-', '-', '23', '3', '2'),
	('42', '2023-02-06 12:00:00', '2023-02-06 13:00:00', '1', '1', '-', '-', '-', '24', '3', '2'),
	('43', '2023-02-07 12:00:00', '2023-02-07 13:00:00', '1', '1', '-', '-', '-', '25', '3', '2'),
	('44', '2023-02-08 12:00:00', '2023-02-08 13:00:00', '1', '1', '-', '-', '-', '26', '3', '2'),
	('45', '2023-02-09 12:00:00', '2023-02-09 13:00:00', '1', '1', '-', '-', '-', '27', '3', '2'),
	('46', '2023-02-10 12:00:00', '2023-02-10 13:00:00', '1', '1', '-', '-', '-', '19', '3', '2'),
	('47', '2023-02-11 12:00:00', '2023-02-11 13:00:00', '1', '1', '-', '-', '-', '20', '3', '2'),
	('48', '2023-02-12 12:00:00', '2023-02-12 13:00:00', '1', '1', '-', '-', '-', '21', '3', '2'),
	('49', '2023-02-13 12:00:00', '2023-02-13 13:00:00', '1', '1', '-', '-', '-', '22', '3', '2'),
	('50', '2023-02-14 12:00:00', '2023-02-14 13:00:00', '1', '1', '-', '-', '-', '23', '3', '2'),
	('51', '2023-02-15 12:00:00', '2023-02-15 13:00:00', '1', '1', '-', '-', '-', '24', '3', '2'),
	('52', '2023-02-16 12:00:00', '2023-02-16 13:00:00', '1', '1', '-', '-', '-', '25', '3', '2'),
	('53', '2023-02-17 12:00:00', '2023-02-17 13:00:00', '1', '1', '-', '-', '-', '26', '3', '2'),
	('54', '2023-02-18 12:00:00', '2023-02-18 13:00:00', '1', '1', '-', '-', '-', '27', '3', '2');

INSERT IGNORE INTO `visitation` (`id`, `visit_date`, `outlet_id`, `period_id`, `schedule_id`) VALUES
	('1', '2023-2-1', '1', '2', '1'),
	('2', '2023-2-2', '2', '2', '1'),
	('3', '2023-2-3', '3', '2', '1'),
	('4', '2023-2-4', '4', '2', '1'),
	('5', '2023-2-5', '5', '2', '1'),
	('6', '2023-2-6', '6', '2', '1'),
	('7', '2023-2-7', '7', '2', '1'),
	('8', '2023-2-8', '8', '2', '1'),
	('9', '2023-2-9', '9', '2', '1'),
	('10', '2023-2-10', '1', '2', '1'),
	('11', '2023-2-11', '2', '2', '1'),
	('12', '2023-2-12', '3', '2', '1'),
	('13', '2023-2-13', '4', '2', '1'),
	('14', '2023-2-14', '5', '2', '1'),
	('15', '2023-2-15', '6', '2', '1'),
	('16', '2023-2-16', '7', '2', '1'),
	('17', '2023-2-17', '8', '2', '1'),
	('18', '2023-2-18', '9', '2', '1'),
	('19', '2023-2-1', '10', '2', '2'),
	('20', '2023-2-2', '11', '2', '2'),
	('21', '2023-2-3', '12', '2', '2'),
	('22', '2023-2-4', '13', '2', '2'),
	('23', '2023-2-5', '14', '2', '2'),
	('24', '2023-2-6', '15', '2', '2'),
	('25', '2023-2-7', '16', '2', '2'),
	('26', '2023-2-8', '17', '2', '2'),
	('27', '2023-2-9', '18', '2', '2'),
	('28', '2023-2-10', '10', '2', '2'),
	('29', '2023-2-11', '11', '2', '2'),
	('30', '2023-2-12', '12', '2', '2'),
	('31', '2023-2-13', '13', '2', '2'),
	('32', '2023-2-14', '14', '2', '2'),
	('33', '2023-2-15', '15', '2', '2'),
	('34', '2023-2-16', '16', '2', '2'),
	('35', '2023-2-17', '17', '2', '2'),
	('36', '2023-2-18', '18', '2', '2'),
	('37', '2023-2-1', '19', '2', '3'),
	('38', '2023-2-2', '20', '2', '3'),
	('39', '2023-2-3', '21', '2', '3'),
	('40', '2023-2-4', '22', '2', '3'),
	('41', '2023-2-5', '23', '2', '3'),
	('42', '2023-2-6', '24', '2', '3'),
	('43', '2023-2-7', '25', '2', '3'),
	('44', '2023-2-8', '26', '2', '3'),
	('45', '2023-2-9', '27', '2', '3'),
	('46', '2023-2-10', '19', '2', '3'),
	('47', '2023-2-11', '20', '2', '3'),
	('48', '2023-2-12', '21', '2', '3'),
	('49', '2023-2-13', '22', '2', '3'),
	('50', '2023-2-14', '23', '2', '3'),
	('51', '2023-2-15', '24', '2', '3'),
	('52', '2023-2-16', '25', '2', '3'),
	('53', '2023-2-17', '26', '2', '3'),
	('54', '2023-2-18', '27', '2', '3');

INSERT IGNORE INTO `csr_area` (`id`, `area`) VALUES
	('1', 'Area Luar'),
	('2', 'External Dining / Sitting Area'),
	('3', 'Internal Dining Area'),
	('4', 'Serving Counter / Stations / Bar'),
	('5', 'Internal Kitchen'),
	('6', 'Rest Room / Toilet / Hand Wash Area'),
	('7', 'Office / Staff Rooms'),
	('8', 'Storage dan Area Lainnya'),
	('9', 'Persiapan Customer');

INSERT IGNORE INTO `csr_finding` (`id`, `number`, `question`, `area_id`) VALUES
	('1', '1', 'Tempat sampah luar dalam keadaan kotor, diletakkan dekat pintu/bangunan', '1'),
	('2', '2', 'Frekuensi pengangkutan sampah kurang', '1'),
	('3', '3', 'Lingkungan sekitar terdapat sampah dan genangan air', '1'),
	('4', '4', 'Ditemukan potensi akses atau sarang hama', '1'),
	('5', '5', 'Ditemukan sampah atau ceceran makanan', '2'),
	('6', '6', 'Ditemukan aktifitas hama atau potensi sarang hama', '2'),
	('7', '7', 'Terdapat celah di bawah atau samping pintu atau pintu / jendela tidak ditutup sempurna', '3'),
	('8', '8', 'Terdapat sisa makanan di atas meja / lantai', '3'),
	('9', '9', 'Terdapat ceceran makanan di area bumbu tambahan', '3'),
	('10', '10', 'Tempat sampah indoor tidak tertutup rapat / kondisinya kotor', '3'),
	('11', '11', 'Terdapat aktifitas hama / potensi sarang / akses hama', '3'),
	('12', '12', 'Terdapat sisa makanan di atas meja serving counter / meja bar / lantai area serving counter', '4'),
	('13', '13', 'Terdapat ceceran makanan (sampah), ceceran kotoran lemak dan bau yang mengundang serangga di grease trap', '4'),
	('14', '14', 'Terdapat aktifitas hama / potensi sarang / akses hama', '4'),
	('15', '15', 'Terdapat sisa makanan di atas meja masak / dan di lantai bawahnya', '5'),
	('16', '16', 'Terdapat sisa makanan di area bumbu masak', '5'),
	('17', '17', 'Peralatan masak dan dispenser dalam keadaan kotor / belum dibersihkan', '5'),
	('18', '18', 'Penyimpanan barang/karton diletakkan langsung di atas lantai (tidak ada jarak yang cukup dengan lantai)', '5'),
	('19', '19', 'Ditemukan makanan yang terbuka setelah jam operasional (after closing)', '5'),
	('20', '20', 'Ditemukan aktifitas hama atau potensi sarang hama', '5'),
	('21', '21', 'Terdapat akses masuk hama; ceiling,celah pintu, pipa air, dinding, kabel, dll', '5'),
	('22', '22', 'Rest Room / Toilet / Hand Wash Area dalam keadaan kotor, drainase pit tidak tertutup', '6'),
	('23', '23', 'Terdapat aktifitas hama / potensi sarang / akses hama', '6'),
	('24', '24', 'Ditemukan sisa makanan atau makanan yang terbuka di area office/staff room/backroom', '7'),
	('25', '25', 'Terdapat aktifitas hama / potensi sarang / akses hama', '7'),
	('26', '26', 'Terdapat aktifitas hama / potensi sarang / akses hama', '8'),
	('27', '27', 'Terdapat produk yang terbuka dan dapat mengundang hama', '8'),
	('28', '28', 'Ditemukan makanan / produk yang terbuka dan beresiko terkena cemaran chemical treatment', '9'),
	('29', '29', 'Terdapat lemari/kabinet dalam keadaan terkunci sehingga tidak bisa diinspeksi dan ditreatment', '9');

INSERT IGNORE INTO `csr_recommendation` (`id`, `finding_id`, `recommendation`) VALUES
	('1', '1', 'Pastikan tidak ada sampah yang tercecer dan tempat sampah dalam keadaan tertutup'),
	('2', '1', 'Tempat sampah harus diletakkan minimal berjarak 5 meter dari pintu bangunan'),
	('3', '1', 'Tempat sampah harus dibedakan antara sampah basah dan sampah kering'),
	('4', '1', 'Lantai tempat sampah utama harus bersih, tidak menggunakan paving block dan tidak ada genangan air'),
	('5', '2', 'Sampah harus dibuang setiap malam ke tempat sampah utama atau diangkut oleh vendor sampah setiap malamnya'),
	('6', '3', 'Meminta pihak pengelola gedung untuk menjaga kerbersihan area publik'),
	('7', '3', 'Memastikan tidak ada genangan air misalnya di permukaan lantai paving block'),
	('8', '4', 'Menutup celah akses hama di bawah pintu loading dengan doorswap'),
	('9', '4', 'Memasang air curtain atau plastic curtain di pintu loading'),
	('10', '4', 'Menutup celah akses hama di celah jalur kabel atau pipa dengan semen'),
	('11', '4', 'Memastikan tidak ada tumpukan barang di area luar yang dapat menjadi sarang hama'),
	('12', '5', 'Memastikan tidak ada ceceran sisa makanan di atas meja customer dengan langsung melakukan wrap up'),
	('13', '6', 'Memastikan tidak ada tumpukan barang di area dining luar yang dapat menjadi sarang hama'),
	('14', '7', 'Memastikan pintu selalu dalam keadaan tertutup dengan otomatis door closer bekerja dengan baik'),
	('15', '7', 'Menutup celah akses hama di bawah pintu dengan doorswap'),
	('16', '7', 'Menutup celah dan retakan yang ada di dinding, nat keramik, jalur kabel, pipa yang menuju plafond atau dinding partisi dengan rapat menggunakan cement atau sealant foam dan kawat ram 1cm'),
	('17', '8', 'Memastikan tidak ada ceceran sisa makanan di atas meja customer dengan langsung melakukan wrap up'),
	('18', '9', 'Memastikan tidak ada ceceran sisa makanan di atas meja bumbu dengan langsung disanitasi'),
	('19', '10', 'Memastikan tempat sampah indoor selalu dalam keadaan tertutup, kering dan tidak ada ceceran sisa makanan disekitarnya'),
	('20', '11', 'Memastikan pintu rolling door dilengkapi dengan door brush di bagian bawahnya sehingga tidak bisa dilewati tikus'),
	('21', '12', 'Memastikan tidak ada ceceran sisa makanan, gula, syrup dll di area service bar, lantai, di bawah mesin, karpet, pastry case dll'),
	('22', '13', 'Memastikan kebersihan area grease trap dengan pembersihan rutin sesuai prosedur standar dan pembersihan area bawah serving counter dari sisa barang yang tidak digunakan'),
	('23', '14', 'Memastikan penutupan celah atau akses hama dengan material cemen putih, atau pembersihan area bawah serving counter dari sisa barang yang tidak digunakan'),
	('24', '15', 'Memastikan kegiatan cleaning yang rutin dan terjadwal di area meja dan bagian bawah meja masak'),
	('25', '16', 'Memastikan kegiatan cleaning yang rutin dan terjadwal di area bumbu masak'),
	('26', '17', 'Memastikan semua peralatan masak yang disimpan dalam keadaan bersih'),
	('27', '18', 'Menyediakan rak stainless dengan jarak 15cm dari rak terbawah dengan lantai'),
	('28', '18', 'Meminimalisir penggunaan karton dus untuk menyimpan barang / makanan stock'),
	('29', '19', 'Setelah closing, semua makanan harus dimasukkan kedalam lemari pendingin, container tertutup atau kantong plastik yang rapat'),
	('30', '20', 'Mengurangi atau menghilangkan tumpukan barang yang tidak digunakan yang dapat menjadi sarang hama'),
	('31', '21', 'Menutup celah dan retakan yang ada di dinding, nat keramik, jalur kabel, pipa air, pipa gas yang menuju plafond atau dinding partisi dengan rapat menggunakan cement atau sealant foam atau kawat ram 1cm'),
	('32', '22', 'Memastikan kegiatan cleaning di area Rest room / Toilet / Handwash Area dilakukan rutin dan drainase pit dilengkapi dengan penutup'),
	('33', '23', 'Memastikan celah di bawah pintu di lengkapi dengan doorswap'),
	('34', '24', 'Memastikan tidak ada sisa makanan atau makanan yang terbuka di area office / staff room / backroom'),
	('35', '25', 'Memastikan tidak ada stacking material / penggunaan dus yang masif / penumpukan material hingga ke plafond / peletakan material langsung di lantai'),
	('36', '25', 'Menutup celah atau akses hama di bawah pintu dengan doorswap'),
	('37', '25', 'Menutup celah dan retakan yang ada di dinding, nat keramik, jalur kabel, pipa air, pipa gas yang menuju plafond atau dinding partisi dengan rapat menggunakan cement atau sealant foam atau kawat ram 1cm'),
	('38', '26', 'Memastikan tidak ada stacking material / penggunaan dus yang masif / penumpukan material hingga ke plafond / peletakan material langsung di lantai'),
	('39', '26', 'Menutup celah atau akses hama di bawah pintu dengan doorswap'),
	('40', '26', 'Menutup celah dan retakan yang ada di dinding, nat keramik, jalur kabel, pipa air, pipa gas yang menuju plafond atau dinding partisi dengan rapat menggunakan cement atau sealant foam atau kawat ram 1cm'),
	('41', '27', 'Memastikan semua produk ditempatkan di kemasan aslinya, tertutup atau menggunakan container tertutup rapat'),
	('42', '27', 'Memastikan tidak ada ceceran produk di lantai, di rak dan lainnya'),
	('43', '28', 'Memastikan sebelum treatment, semua makanan disimpan di kemasan tertutup'),
	('44', '29', 'Memastikan semua lemari / kabinet bisa dibuka pada saat treatment agar tidak ada tempat bagi hama untuk bersembunyi');

